review_id,review_text,category_name,model_would_say,model_confidence,suspect_rank
6648fe86-9bbf-41ce-b61b-83e4de8efb12,"We should be able to hide or delete the ""Tasks"" section. It's redundant. I think it accomplishes its goal well, but the app could be more ""clean"" for those who like pithiness.",Positive Praise,UX Feedback,0.5105,1
14c742c2-573c-4f19-8794-b7007b81fccb,"Changing my review from 5 to 1 - The new update is Bull, you cant even see the basal calories + cal burnt - cal ate = cal left.. it is so effing simple and main purpose of this app.. this is stupid",Positive Praise,UX Feedback,0.4679,2
93e24435-2402-46d6-83ce-7062abd0f82f,6 0ut of 10. Would be a 10 out of 10 if the app allowed MyFitnessPal to read weight from my Heath Connect data. It's so frustrating that it doesn't allow this basic function.,Positive Praise,UX Feedback,0.5284,3
32fd7e1d-f433-488e-b50c-058b99410a31,website olds rules on my device Samsung galaxy A13 and A175F apps and network reset by new privacy DNTL2026 and farewell to all suspicious sites and public services,Positive Praise,Bug Report,0.7636,4
2000c077-a9b5-46bd-a743-14d159209d6e,"System works ok. But setup has become hard to manage. System now looks for the passport chip using NFC. What a disaster. Using an up to date Samsung xcover 6 which is a reasonable standard and no dice. Appears to be a manual option to verify. But instead goes in a dam loop, looking for that NFC again. Waste of time. Tried putting through the passport as ""ID Card"" hope it works... Unsatisfactory.",Feature Request,Bug Report,0.4885,5
2c6c7d23-a62a-4ad0-97d6-938fb23cb81e,it doesn't wants to workk,Feature Request,Bug Report,0.7503,6
9e980bf3-d307-436f-b8f6-a2605f3eee8d,"Great app, but unfortunately the widget keep bugging out, flickering it's contents, showing ""loading"", empty and my tasks at the same time.",Positive Praise,Bug Report,0.5662,7
218a7a24-470a-484c-bb04-42c4923c3031,"update, seems to be ok on A16. widgets won't refresh on Android 12.",Positive Praise,Bug Report,0.8402,8
ef8c53aa-5e09-4f53-b91f-ed35018c50e6,"I'm a musicholic or whatever is it, This app really better than anything. I don't really spend money on apps but I don't care about the ads, especially when I was on Bla bla sad mood lol, I mean the ads make my sad mood ruin. And yes I been using this for 4 years I don't really remember. Edit: There's some problems with some songs, which some of em got hacked, the songs that I know got hacked is trendy songs.. I hope it'll fix.",Positive Praise,Bug Report,0.6139,9
3e79c6e2-de6b-48f7-87fa-cba310adf415,"nevEr get rewards sent , probably messed up somewhere",Positive Praise,UX Feedback,0.4885,10
b9e73763-99e6-436a-bde6-7a52addddde9,"Not able to silent a call when I am not interested to receive. I would expect same behavior like phone call, either flipping the phone or pressing the lock screen button.",Positive Praise,Bug Report,0.6233,11
58e956ec-2a74-4ce9-8c70-39fcb36f106c,it was good at past I was spending my whole day on insta. waching reels and texting but recently the meta ai is so disgusting. my countless account banded and not only insta also Facebook,Positive Praise,Bug Report,0.5002,12
c26aa033-9878-4faf-9d2c-d2e5989808cd,"chintu_pandit_uk ""My account was disabled and I have already submitted an appeal, but I have not received any response.""",Positive Praise,Bug Report,0.5385,13
aab9033a-6bd1-4c24-b380-537dd027f306,I'm playing a game on the system it's telling me I'm getting paid but I don't see the money is it a lie,Positive Praise,Bug Report,0.5144,14
063f29d8-4a5c-404b-bb42-5174b80055a7,it's good but I can't purchase premium it's saying unavailable in my country which sucks,Positive Praise,UX Feedback,0.6452,15
d09f8aed-bcca-42f2-9bca-0d3c08afdcd2,sometimes some vidoes download doesn't start but others download just fine,Positive Praise,Bug Report,0.5884,16
de0d3208-dba5-44a7-806f-77fd83a38a85,"I'd put a bad review because the app wouldn't even open, saying the internet isn't working even though all other apps also used online and we're working perfectly. I'm removing it since what Spotify said actually worked, thank you 😊",Positive Praise,Bug Report,0.6382,17
1082fc14-49ac-461b-a1ff-700ecb7931f8,"too much price for the essential features,and does not have a lifetime access, only recurring plan.",Feature Request,UX Feedback,0.7943,18
338de88c-97c5-4f64-a856-a63373f0aaa0,Stinks you have to pay to use the bar code scanner but this has been key in losing 53 lbs!,Positive Praise,UX Feedback,0.6319,19
92390a3d-d8b1-4183-b56b-ac0f05e6abe3,Cancelling my subscription and will be uninstalling. Lot of podcasts wouldn't play even after trying all the troubleshooting suggested in the Spotify page or other TS from the internet.,Feature Request,UX Feedback,0.6872,20
f958f047-0864-43f1-b23f-e98e7f0d554b,it's saying my orange card that I use does not recognise my phone and no where I tap phone to pay will work,Positive Praise,Bug Report,0.809,21
84796a1c-84b5-4e67-86c5-b75d0be6a933,"It's hard to get exact measurements. For instance, it may show 1 cup of something or 3 oz, but if you only eat 1/4 of a cup or 1 oz, you have to record the greater amount.",Positive Praise,UX Feedback,0.4018,22
51bdf1c5-412d-49d8-ab8a-79ac8716ffeb,I didn't realize this app went that deep... this has become apart of my daily routine,Positive Praise,Bug Report,0.6878,23
73774b41-f96a-43eb-a020-2a2ff696f7e5,"It is a great app. However, after the last update one of the most important feature (for me) has been taken away. Before it showed me how much I had spent during the day... now it shows the total balance change, which is totally useless (to me)...",Positive Praise,UX Feedback,0.7435,24
3488cbb0-e91f-4c78-9b24-9633d205cd53,"A) The repeat feature must have a time AP/PM to work precisely. It only starts with the new day/week/year, etc. B) Each step must have its own time/date with a reminder for the better.",Feature Request,Bug Report,0.765,25
0cd007de-46fd-4a58-bd76-54319be8070c,dont like the idea they charge a $2.50 fee if used at the ATM,Positive Praise,UX Feedback,0.6399,26
0b5ab083-debd-4ef7-a5df-67925adc2c27,"Unusable on mobile as you cannot scroll the text in a task past a certain point! Microsoft customer support's solution? ""use the desktop app , instead"" , hopeless. microslop does it yet again",Feature Request,Bug Report,0.5609,27
0c7167d6-b6b9-4117-a7ff-92c76e56ca7f,This new update messed up everything again. now when I add a pre-made meal it doesn't count the calories and it doesn't find stuff in recent meals. I may not have a premium account but I I've logged everyday for 10 years and this is getting kinda stupid. this is why I don't pay for premiuim,Feature Request,UX Feedback,0.5553,28
66ccd573-be01-48ba-ae5a-6d30e5ef199f,Why can't I choose a list other than My Day for a widget??,Positive Praise,Bug Report,0.5724,29
6cbc6325-943e-4f8a-958f-1f424be547e0,"By far the best app for holding yourself accountable. Great way to track food once you have it set up. Easy to navigate, never crashes. Has helped me lose 20lbs already and I’m excited to see where this can go. Interesting that it now asks if you take ozempic on signup. Guess it’s real popular",Bug Report,Positive Praise,0.7906,30
d2db865c-8335-4ec3-9a0f-168e1aad56cb,"It's PayPal. We can't live without it. I took a star off, though, because sometimes they make it difficult to find where to switch from Goods/Services to Friend. Still 4 stars because PayPal is getting quite cluttered with offers, credit and such.",Positive Praise,UX Feedback,0.7656,31
493869e5-c838-4058-a270-eb4e6820c45c,my app has been suspended many times,Positive Praise,Bug Report,0.6582,32
ce882363-47f5-464e-bd4b-083f787d356c,"I do love Revolut but I am nervous to use it more because if I have any issues, who do I easily contact to get any concerns sorted out. For example my friends husband passed away last year and as his she was his beneficiary and that included his money in his Revolut account. On top of her grief, she found that dealing with Revolut was a nightmare even though she had everything in the line of documentation and proof that she was his next of kin. Eventually she had to get her solicitor to sort it",Positive Praise,UX Feedback,0.4631,33
83b06257-0086-412b-867c-5591fb4397fd,"Overall, good app for making notes, setting reminders, etc, of course, none can beat google Calendar. Major issue with this app is it does not always sync with Google calendar. intermittently, the syncing does not take place. from thos app to Google calendar, it syncs, but from Google calendar to this app it very rarely happens, whatever number of times you refresh, it doesn't happen. Developers need to look into this issue. otherwise, the app is fantastic.",Positive Praise,Bug Report,0.5726,34
d3c3b8f7-a006-41fb-b84b-8d8f16a43258,I need a new card please,Positive Praise,Bug Report,0.4308,35
5c81377c-7f78-44a0-8cca-8d639defbab3,"Persistant ""Spotify is trying to connect"" notification that comes back shortly after dismissing when I'm not trying to play anything. Bring back the old widget. New one takes twice the size and offers no new features. On a Fold phone and the front screen has less space. New widget forces to update to new larger widget.",Feature Request,Bug Report,0.7896,36
5d26348b-ce10-401b-87ae-6ed9be9d1256,South Africa telkom SA R I don't get code number i have interest telegram but i tay long time but I can't win plz help i want telegram plz help me,Feature Request,Bug Report,0.8119,37
9b687df3-7c37-4d3d-b4d1-7e447292df15,"Nice app, but: - absence to see Outlook categories - absence of WearOS app, offered by any big app in this category - no custom list theme sync with the desktop app After implementing those features I will be able to say that this app is the best task manager app for individuals",Bug Report,Feature Request,0.5885,38
2a49356e-f43d-4f67-abec-ff7f950bee13,good and helpful for my studies.,UX Feedback,Positive Praise,0.8171,39
0104b7cb-aeb8-40a4-a94d-8e35a7f63a00,So easy use and keeps me on track.,Bug Report,Positive Praise,0.7292,40
e9134088-5c05-44d7-b1e5-c465e3c52962,Could put age ranges on kids' stories to save tired parents time hunting for appropriate ones. grown stuff is great.,UX Feedback,Positive Praise,0.7886,41
931cee6a-b3f3-4d99-b841-3410d1064a10,Play store new version update,Positive Praise,Bug Report,0.672,42
39f3c1f1-2097-4e11-ad5a-1b7f53450bae,A powerhouse for workplace collaboration. The seamless integration with files and calendars keeps projects organized.,Bug Report,Positive Praise,0.7321,43
3657456e-1a52-4b1a-a48a-272ddc6ca305,"nice, believable app which I use daily. Well organized in terms of providing calm stories, mental well being at high level and relief from health problems 👍",Bug Report,Positive Praise,0.7156,44
1ad533bb-f321-4166-b13f-2abcfc720cf5,"For starters I'm from Eswatini in Africa. This is such an amazing app and is so easy to use. I used it while I was in Germany and had such a great experience! When I came back home to Eswatini It wasnt working for me, I was unable to receive money. That really hurt because I'm a big fan of the app. PayPal PLEASE ALLOW FUNCTION TO BE NORMAL HERE AS WELL! Love your APP",Bug Report,Feature Request,0.4915,45
3472ffa9-555e-48db-90df-a500e558571e,Was wondering about the app at first but I'm now a believer! Fantastic App! Very Helpful Good Developer no bugs. 5 stars.,Bug Report,Feature Request,0.4845,46
ec3920af-2749-434e-afad-f5ebf4663b3c,"I like the app, but it definitely needs some real world upgrades. carbs and fats should be broken down into healthy carbs (ie.. sweet potato, etc..), vs unhealthy carbs same with fats (healthy, ie.. salmon, avocado, etc..), vs unhealthy fats. bc my carbs and fats sometimesook high but they're healthy, so, I think separating them would be extremely helpful. the exercise section should at least accommodate typical gym workouts, logging needs to be more convenient and varied to accommodate.",Bug Report,Feature Request,0.6189,47
d2b82a28-3f7c-4171-8d7f-763c78a6734c,I like this app awhhh,UX Feedback,Positive Praise,0.6926,48
25a2473b-a116-4df7-affe-f9693f7fa735,"nice app , but the music I play offline stop playing at a time, and also I can only play music for only 2 hrs , while it show some obstacles",Positive Praise,UX Feedback,0.6683,49
aab5a852-f912-43f6-aa3f-8f7a86ead2f3,please allow shrinking line spacing optionally,Positive Praise,Feature Request,0.4099,50
8887b317-b01f-493b-aa8f-9c7bb598a459,this is my first favorite app😘😘,UX Feedback,Positive Praise,0.6894,51
940a52de-4946-4361-872e-2a7bc16af01f,app simply won't open anymore.,Positive Praise,Bug Report,0.8033,52
5ac64171-705a-48a3-b57c-40ecb0bdcb41,I liked calm app a lot and can pay in monthly payments of $6.66 a month 4 a yearly sub. 4 a yr. starting on May 4 th. for sure. I've asked numerous times to do this with o response. asked the same 4 last month. April no response. plz. reply.,Positive Praise,Bug Report,0.4477,53
a4f1683e-9b82-4310-9138-a9d5652c9c6e,Good music nd sound but also controlling my songs,UX Feedback,Positive Praise,0.6702,54
68c7214c-edbb-4532-817e-3b34c6f2b252,I use it for work. I would say it's good in general. I would like to have the ability to create sections within a list instead of everything mashed together. like maybe the ability to group tasks in each list by due date. it is a little buggy at times. after duplicating an existing list it has rearranged the order of tasks and/or made multiples of certain tasks,Bug Report,Feature Request,0.816,55
ffb7d4a2-7297-45a0-ac13-f9dc1fe47267,very good app but I only lets you hear a couple of songs,UX Feedback,Positive Praise,0.6628,56
637e962f-8fec-4f31-b5b9-188809bd570e,"It is basic and quite helpful. And for free, I can't complain. If I use it correctly, it is a great tool.I've tried about six different online personal organization apps and so far.This one works the best for me",UX Feedback,Positive Praise,0.5711,57
dde9e3d0-3de6-4490-8561-9c57bae0b660,"this app has been perfect. the new update to the widgets, however, have negatively impacted the app. the widget constantly says that ""Spotify is offline"" and then does not allow me to access Spotify via the widget; instead, now need to access directly via the app. please change this",Positive Praise,Bug Report,0.4906,58
62c41d69-828a-4b86-b444-a6196ecf935a,PayPal has been one of the top debit cards for me 5 stars,UX Feedback,Positive Praise,0.7181,59
afb65001-5716-4b70-bffd-fce8c9c0e99f,"so far so good, still new to me, I will be happy to take another pole.",UX Feedback,Positive Praise,0.6361,60
e6b1af43-38a2-439c-a492-7b484ac0897d,ucla mindful better and free greedy ASF over here💀,Bug Report,Positive Praise,0.6764,61
385515a4-0521-4942-bab5-455698218ce6,the ad is too much,Positive Praise,UX Feedback,0.549,62
6fc97055-1166-45ab-9be1-6a1c34411ece,"very good, but premium expensive and adds are annoying",Positive Praise,UX Feedback,0.8466,63
28b05c9c-b567-4064-a6fd-1888ae284d64,"thanks you guys you saved me a lot of time energy and hassle ( funny how that a company named ""calm"" does anything but)",Bug Report,Positive Praise,0.5056,64
b0b8c2cc-bc50-4453-88ed-f65788344869,How do I sign up can you please help me,Bug Report,Feature Request,0.7657,65
08c947f2-7dac-4eaf-a2db-3f5732df77c2,"Bar code scanning as part of basic would be good. Being able to choose grams, oz, etc easier rather than having to convert preadded numbers.",UX Feedback,Positive Praise,0.558,66
b9e08ea9-358f-4232-b341-a13d73ff8b26,a staple for the overwhelmingly anxious person who can hear a single note that will put her into a full ptsd paralysis + does not normally know how to relax because of years worth of tension in their body,Positive Praise,UX Feedback,0.4125,67
927f68bd-5d29-40ab-8af2-853691ad5746,"got a terrible experience, I have got a subscription for 3 months and now that my subscription expired it started showing add and stuff prior 1 day to the end of my subscription end date. now even when I open Spotify it's popping up multiple times to upgrade to premium and now that I am not at all allowed to choose the song I wish to listen to it's like forcing me to listen to whatever song it plays . completely dissatisfied and disappointed with the application, uninstalled it. it is a trash",Feature Request,UX Feedback,0.8083,68
a930ea70-4b8e-45e2-bc7c-876d39f589e5,paypal should be removed from global finacial payments becouse they are thieves who want to benefit using ' according to our privacy and policy' then they withold your money and never get access to your hard earned money. So disappointing,Feature Request,UX Feedback,0.7699,69
ac7ade16-ab61-4078-82cc-0700937fe608,"I got an ad on Instagram to do the quiz for the EMDR stuff which I'm really interested in. but I already have a subscription. I'm unsure how to loggin on the quiz to say I have a subscription and if it's possible to use the ""plan"" it made for me with my current sub? id really like to give it a try.",Positive Praise,Feature Request,0.8174,70
99e8d3be-7555-42c7-b076-6a48d64df969,among the most inconsistent apps I have to work with. if only there was literally any other option for my work.,Feature Request,UX Feedback,0.7518,71
bc86f34c-f0df-48fd-b227-c93399a9981c,It keeps begging for allowing reminders,Positive Praise,Bug Report,0.5615,72
d9a56a30-c885-46ee-aa2d-549038ef0385,"Recomendado, sincronización con tu PCy calendarios dengoogle 💯 y con otros dispositivos, facil de usar y su version gratuita excelente, no anuncios",Positive Praise,Bug Report,0.4341,73
0ebfa0ed-c538-4961-a593-bb3dc7cb510d,been ok says open source license on app had money come up missing I reported it several times they did nothing about it update still the same stuff going on,Feature Request,Bug Report,0.7571,74
f282657c-d74e-4477-b536-53bc9c4b3d6e,"Easy to sign up for, simple to navigate and use, no issues to speak of that I've run into personally.",Bug Report,Positive Praise,0.8144,75
f0e00925-1bf7-4460-bc0e-fcff4a2a0e4e,I noticed when you scroll the upcoming tasks section the calendar icon to go back to the current day only shows the 17th? love the app,UX Feedback,Feature Request,0.378,76
f090b59f-4635-42ea-9f74-1b54fdb6d9ad,I use PayPal as a additional option to pay. but I had a unauthorised debt from my account which was refunded but I found the lack of interest on finding why it was debited and lack of interest in informing me from PayPal deeply worrying if it happens again I'll delete my account asap. it proves to me PayPal is not 100% safe. be mindful and careful when using them.,Feature Request,UX Feedback,0.5362,77
3d65d24d-fce6-4e05-a53e-a71fab963e49,IT'S A PAID APP SO BEWARE AND IT'S NOT THAT GREAT TOO MANY OTHERS ARE BETTER AND CHEAPER,UX Feedback,Positive Praise,0.7858,78
f63b8b65-92bd-404b-8bb7-13d553b11b42,You can share your feelings here. If a girl cannot understand then come here and download.,Bug Report,Feature Request,0.7682,79
c9a92765-f269-483d-aa5e-35924c8d1206,good reminder system and it makes a satisfying noise when you tick of the tasks,Bug Report,Positive Praise,0.8127,80
297dcf77-65c7-498e-9e8d-8babe696ac28,Very good app with a simple to use and clean interface. Generally speaking the natural language does a good job of understanding the recurring tasks. One recent issue I've had is the widget just breaking and having to be deleted and readded. Worked fine for months but now it happens constantly.,Positive Praise,UX Feedback,0.5755,81
0a86f524-9694-4cd2-a729-144145836944,$16 just to help me go to sleep no thank you,Bug Report,Positive Praise,0.5716,82
dc72f094-2e32-4d82-b37d-c94bdaca5b56,"It actually works! I've used it for about a week and I have already lost 5lbs, I've tried other calorie counter apps and I couldn't stick to it. My favorite part is showing how much calories I need a day and can plan accordingly.",Bug Report,Positive Praise,0.4395,83
06b17ba4-14f9-4670-80a0-564c33536cd2,the app. is very effective and fits all. my needs,Feature Request,Positive Praise,0.8231,84
c91910af-0e0d-42a7-a840-6e782d5a0ae3,Have not used the app but am planning go start,Positive Praise,Bug Report,0.5828,85
1a6c5fcc-f8a6-4e3b-b377-17d7a009f06b,Puras películas de miercoles y las que uno quiere ver no están,UX Feedback,Positive Praise,0.6698,86
eb32d96c-93d2-4116-b28d-c38b96a9d74d,"Good app, quick, easy to use and stable with all functionality you want for PayPal. Finding people and QR writing well, too.",Feature Request,Positive Praise,0.836,87
80cefd38-b0fd-42e2-95b2-d4bd7b977e8f,"clunky and gets stuck in a boot-loop sometimes, but otherwise a pretty useful food tracking app that shows macros and calorie requirements, has a decent library of food stuffs as well as the ability to add more and create ""meals"" as shortcuts for dishes you eat regularly. Overall, a decent app with some flaws that are easily ignored.",UX Feedback,Positive Praise,0.7484,88
4a370bec-b014-4855-b498-544b2002425a,be very careful with PayPal just because purchase was made through PayPal does not mean that your purchase or your money is protected,Bug Report,Feature Request,0.4023,89
f2a7d6b2-f49f-4513-88a6-0b4b59c0a489,"Good: Fast and easy. Big thanks! Less great: The amounts doesn't add up. One position shows +40%, sadly that isn't true. It says account is up 200 $, that us also false. The gain, in %, is correct however. Please fix a browser version. Investing on the phone is less than optimal. An Excel of all available shares one can buy would be terrific! Overall, big thanks.",Bug Report,Feature Request,0.4276,90
718d06aa-d1d3-46c3-8fb4-ff87f88e8a8e,everything is good but I don't like the adds but the suggestions are so good I love it ❤️,Feature Request,Positive Praise,0.7699,91
502aff50-17ef-46aa-9797-de5702b5a8b2,"I'm getting used to new technology and feel a bit out of my depth, after a lot of teething issues it's becoming a pleasant experience, taking my time but I'm using it more often than expected.",Bug Report,Positive Praise,0.6241,92
6c4b7e48-6880-453d-abe0-a545f97e2565,"pretty effective even as without using a paid subscription, but the recent Gen z adjacent pleas to ""log your food it freaks us out,"" or any similar phrases is so cringe and feels far from the demographic of people using the app. (coming from a 20 something year old lady), I don't think it's enticing anyone to send freaky little messages meant to be funny or entertaining as reinforcement to log your food.",Positive Praise,Feature Request,0.4474,93
829a86c5-7e09-474d-a15d-befb224e5981,"Almost perfect. I am now on my third day of using this app, and wow, it works. Chunking projects into ""quests"" and ticking them like in an RPG changes my life. There is only one quite big issue. Calendar sync. I have two calendars, one Outlook, one Google, and I cannot sync one to the other. In the app I can only sync one, but that isn't how it works for me, nor for a lot of people. Todoist should allow to have ""secondary"" calendars to import events and stuff to be shown in the app.",Positive Praise,Bug Report,0.4076,94
f08180f1-f34e-43ea-a138-17fac2923f7e,"your first shoot to breath is way to long, should be short period of time should be able to adjust it, do you understand...",UX Feedback,Positive Praise,0.7338,95
03c05b52-3a9f-4d46-936a-dfb2a88dd236,"Could use some features like tagging/categories, priority, and filtering... but it's matured enough for me to move my lists out of OneNote!",Positive Praise,Feature Request,0.6045,96
9209794f-332f-4c98-8e57-e754529fbd7f,"Just updated June 2016 and have lost my play list and saved albums. have reinstalled etc all show but won't play Total rubbish. I downgraded due to the ever increasing price. The free version is dreadful. It says you get 30 mins of music between ads. This is total nonsense. I am lucky to get 3 songs, so 10 mins. There are adverts, suggested songs, and requests to do a survey. I know they need to make money, but this is a joke.",Feature Request,UX Feedback,0.7855,97
3ee3d95f-5982-42b4-84cd-2e6f27676ccd,Really easy to use and does what you want it to.,Feature Request,Positive Praise,0.8371,98
cc92ec72-beee-4b8a-b82f-aeb21277f73e,"Pure garbage, bugged authentication, bugged while running in the background. Love the fake positive reviews tho.",Positive Praise,UX Feedback,0.4846,99
4625cd94-a750-4bf1-88d0-598fb8878885,"the app is good, but with limitations",Positive Praise,UX Feedback,0.7621,100
9238a387-af09-4bf6-a373-59103ce35efd,doesn't update address or update after linking bank account. Fruatrating experience,UX Feedback,Bug Report,0.8698,101
5ed536bc-1ca3-4644-9043-a7ba6150cd09,"I am repeatedly facing an issue where every Instagram account I create gets suspended within 24–48 hours, even though I have not violated any rules or policies. So far, I have tried creating new accounts using four different phones, six to seven different mobile numbers, new email addresses, and completely fresh account details. Despite all these efforts, every account continues to be suspended. I would like to know the exact reason for these suspensions.",Bug Report,Feature Request,0.7533,102
edd60830-3229-44ec-b646-52e5abd74503,Waiting on a refund that has surpassed the timeframe it should be in my bank account. Bank says contact paypal. Still waiting for my refund to be processed by Paypal.,UX Feedback,Feature Request,0.4141,103
e5fc6200-3eaf-43eb-a9e4-868566810ce2,"Gave up on step 6 or 7 of trying to sign in. A simple Todo check list shouldn't require more security verification than my taxes or bank. It wanted me to sign in to my MS account, okay. Verify last 4 of my phone number, sure. Now solve a puzzle, no problem. Then verify a code from my phone. Then add another back up email... Now verify that backup email. I gave up at that point. I just want a Todo list widget that's easy to see.",UX Feedback,Feature Request,0.7888,104
af9ac84e-1345-4355-9f2f-cac80222c6a9,"Charged to renew my subscription 8 months after I canceled my account! How?! Only way to contact Netflix is through social media, no contact options via the app. Really terrible experience. I want my money back",Feature Request,UX Feedback,0.8149,105
72b8a018-0e7d-4144-904a-5ea9a3a5aba2,Cool. edit i was a follower and an unoriginal wannabe i think spotify sucks and it is a horribal app,Bug Report,UX Feedback,0.7657,106
7f732152-a75a-4f39-8c3b-e016366911f7,"Thanks for the mini fix. It works as intended. Now the update works and it's a really good update, the transitions on DJ X have gotten way better. I got your email I had restarted my phone and reinstalled, it still was the same. The mini fix had done the trick.",Bug Report,Feature Request,0.5441,107
e4d7ddfc-7d1d-4207-85ce-d5c75d360503,It's very prfct for m.i.s,Bug Report,Positive Praise,0.7538,108
cbb9adaa-4eac-4e05-b601-4c90184f8565,good but how can kick out another device from using my Netflix account,Positive Praise,Feature Request,0.4425,109
226c6f6e-5096-4367-8515-4bc565bd285d,It actually does what I want it to do. very useful!,Feature Request,Positive Praise,0.8289,110
de399aec-937b-412d-9022-2ad6664b1cca,"current new version design@2026 is makes me using more time to log in my diets, don't waste time or money like me in this app. the old design is much much much better than this current version start in 2026.",UX Feedback,Positive Praise,0.5011,111
50eb8791-b9f1-4b43-891e-29859a2277e8,"This application has proven quite beneficial for my daily tasks; however, I have observed a persistent flickering issue with the widget. I previously brought this to your attention, but I have yet to receive a response regarding a solution. Could you kindly address this matter?",UX Feedback,Feature Request,0.6038,112
2fdb21cd-6aec-436c-8aa6-68f59d21fa8f,"I love this app I have a hard time falling asleep without background noise such as rain because of constant brain chatter and I live in a basement apartment so theres really not much of a chance for me to hear rain sounds at all so this helps alot. The one downfall of this specific app is that on such a limited income, buying things in app isn't feasible for me or many others who use this. Other than that a great app.",Positive Praise,Feature Request,0.4308,113
6a92f7d5-d5c4-4290-9c08-6108e0b2ef46,five stars once you let me change the start of the week to monday,Positive Praise,Bug Report,0.507,114
99eadff4-c434-47b3-8915-8177f70f8c8f,It's an ok app. But you need the premium version to use the calendar feature(which was why I got it),UX Feedback,Feature Request,0.5879,115
f5643fa6-3ecd-49ce-badc-c8192d52a217,pls make it available in all country like Ethiopia pls,Bug Report,Positive Praise,0.6303,116
4a4ce578-22d8-4576-87f6-f57ae8855983,why are they showing me premium I don't want premium,Feature Request,UX Feedback,0.6529,117
6ccbdb9a-4768-47e8-9081-b1e430190874,Great music and great that it's free but the details say that they share your financial information and I think that is insane. Maybe that should be explained a little more😠 Can you Tell me how to opt out of that part?,UX Feedback,Feature Request,0.8234,118
de469713-56d9-4316-8a43-627aa8395d66,"I'm using Revolut for roughly 5 years, and never had any problems with them instead I would say they never let me down. Keep up the good work.",Bug Report,Positive Praise,0.7424,119
bbc52aad-9f36-457a-91fb-db5798a60c83,queue list clear ka option he nhiye yrrr.. queue m add Hui list change nhi hoti.. & songs playlist m bar bar queue list interrupt krti hai,UX Feedback,Bug Report,0.8105,120
51f1f131-2a5c-41f6-ab6c-9150959fe85a,a guy who listens to this app and listens to it idk what to put here,Positive Praise,Feature Request,0.5633,121
13508b10-b49a-4d84-86c0-9a6961b57819,"Does As It Says It Will! I had very low expectations for this app, if only because so, so many name fallen drastically short for me. Most of those instances are because of me and my being very picky. I still had a glimmer of hope tho and then I found this. Even tho I was prepared to have to uninstall I can honestly say that after months on end I have no legitimate issues. At all! Thank you for making the app without trying to be shady along the way!",Bug Report,Positive Praise,0.481,122
753b7254-cdfe-4456-9fb4-38f100205cc5,"A handy way to have both $ and € available to spend. Ties in nicely with Wise. On the down side, you cannot connect to an American bank. (That's where Wise comes in.) The account is not accepted by Spanish social security. And, as others have said, customer support is non-existent.",Bug Report,UX Feedback,0.576,123
708acaf8-949b-49b5-87b0-aaad821f48f8,"It's Microsoft, need I say more?",Bug Report,Feature Request,0.7381,124
2556deea-a23f-4d1a-a79d-74513ee6cac2,It works well but the interface is not really intuitive,Positive Praise,UX Feedback,0.6267,125
5c5108e3-44a8-4559-b00d-c8e6f01859e3,"I've tried just about every task management app out there, and Todoist is the best by far in terms of balancing functionality and ease of use. The standard version is great, but the Pro version is worth every cent for those who live on to-do lists. There's nothing the app can't do. I was bummed at first that it no longer integrates with Google Assistant, but that's no Todoist's fault. And honestly, Ramble is a million times better and understands natural language amazingly well.",Positive Praise,Feature Request,0.5637,126
13ed4376-bb48-4bbd-a98c-1d337bd3e03c,not happy at all unless you pay for it this app is just a notebook. you might as well pay $1.00 for that write your stuff down. save the space on your phone. it's pointless to have otherwise,Bug Report,UX Feedback,0.6709,127
90fc64fa-76fc-4dd4-9d6c-f627116d0290,has become very unstable. previous review.Loved it - makes keeping track so easy.,Bug Report,UX Feedback,0.4513,128
3de7eaa9-4609-4a60-bcb0-482bba5de119,"Forced Microsoft account!!! AI crapware, resource hog. it's bad enough Microsoft is on your PC do you really want it on your android device too? I do not believe most of the reviews are real",Feature Request,UX Feedback,0.7608,129
a4ef23cd-3376-4c03-b21a-c887929d9d52,You need to create the ability to sign in with biometrics.,Bug Report,Positive Praise,0.5164,130
e972970f-785c-4564-b315-f7d47fe1bb84,don't like the new version. please change it to the older one. that was much easier,Bug Report,Feature Request,0.7291,131
5efae64d-bfa3-4fc6-a863-6d53cf7d2ade,I would rate this a lot higher if it would just stop asking me to enable notifications. Notifications are NOT going to happen so stop asking!,Bug Report,Feature Request,0.7118,132
6663d23c-0c25-4f29-9e4b-db62ff0425ac,"Not sure how to feel about all these 1£ here and there taxes. well now is charging 1£ tax for almost everything, changing it asap",Bug Report,UX Feedback,0.703,133
551a5b05-6bed-4c71-8672-5bba254da99a,$20 a month to do something that was free since the app first launched? This is corporate greed to the extreme.,Bug Report,UX Feedback,0.7396,134
c50a1cdf-1d87-49c3-9c8b-795c37c12d11,very frustrating. Installed the app. Stuck on the welcome page,Bug Report,UX Feedback,0.7971,135
d88a68d0-d426-4659-a25a-75f31f847839,"Seems like it would be a good choice to assign tasks to my team and track progress, but every invite emailed via the app to each team member never went through. Because of this flaw, we went with Microsoft To Do and that's worked out very well.",Feature Request,UX Feedback,0.518,136
bd198c24-fd2f-4821-90d6-77f9fce148c4,listening to Spotify over 6yrs. My preferred music app. Good playlist & similar suggestions.,Feature Request,Positive Praise,0.7911,137
7a41df88-c54a-4577-9148-ab9419d19aa5,Im mad because I paid for one month thinking it was a great deal... and now Im seeing I have to pay even more to have access to what I need. I dont even want to use it now. It ruined my desire to try it. I hate being deceived.,Feature Request,UX Feedback,0.7476,138
7211c399-1e77-43c6-905f-43e147a47619,"FASTEST WAY TO KILL AN APP - LOCK EVERY USEFUL FEATURE BEHIND A SUBSCRIPTION!!!! 😃😃😃😃 EVERYTHING I USED FOR YEARS ON THIS APP IS NOW A PAID FEATURE, INTO THE TRASH YOU GO BYEEEEEEE",Feature Request,UX Feedback,0.7466,139
d756b587-f776-4049-84fe-b4195c184a93,"I did rate this 5 stars in 2017 and have been using it since before then. But ever since their update in 2026, which has made it less user-friendly, more clicks to get to things, hiding information and many other downgrades, I am actually uninstalling. I didn't think I would see the day. But when the app becomes a barrier between me getting to eat my meal because Im spending more time logging my food, its a no from me. There are other alternatives to use now on the play store.",Bug Report,UX Feedback,0.4894,140
e35306fe-7480-4bf5-9a9f-4d50ef11852e,Once a month or so it just stops working completely.,UX Feedback,Bug Report,0.5592,141
ad126f17-4f47-4d1c-b361-a943367bd371,worst app... payment got deducted by Autopay still account went on hold,UX Feedback,Bug Report,0.8356,142
640b9a28-f920-4316-bf6d-db27ceaac172,"Enjoy the app but after recent updates, my home screen widget is continuously loading. My Day tasks don't show. The widget is flashing",UX Feedback,Bug Report,0.8246,143
1e533600-b609-4404-af77-2d86dcc1920a,I was scammed £5k by people who already knew all my details with Revolut including the address registered with them. Revolut is claiming the activity was normal like hell £1840 followed by 6 ATM withdrawals all within 5 mins is normal. Hopefully the police will catch them but Revolut is refusing to do anything about the money.,Feature Request,Bug Report,0.4921,144
c031bfd9-ab74-46fc-8213-91b6535e52d4,It is good application in structure and customization feature.But it does not have trash folder for accidentally deleted notes .I hope you will fix this one soon.Then you 5 ⭐.,Bug Report,Feature Request,0.5347,145
9256db87-e4d7-4b47-bd12-0c90d863eced,too many ads. too many features being moved (and have been moved) to paid subscription status. too many pop-ups when i just want to use the app.,Feature Request,UX Feedback,0.7186,146
f387007c-2677-49bf-ace6-2d4c32d02a39,"extremely slow app, not very well optimized",Bug Report,UX Feedback,0.7858,147
caff8eb7-4c93-4cc3-bf8e-23a06d4e552f,A music app that can not even play music. Good job for the Dev and QA team. Searched on Google and found that this issue is happening a lot on Android devices.,Bug Report,Feature Request,0.3875,148
da9b7494-8ec9-4550-8f05-dc8bef87ae5c,I have used this app since 2020. Was great. Now it keeps stalling with he three dots just searching. Have uninstalled and reinstalled but it keeps happening. Will delete when subscription up and stick with Headspace as better if you want a paid app.,UX Feedback,Feature Request,0.6225,149
68e7a379-e70c-4cd7-9cc4-66b11702203d,"Unreliable garbage, slow to load, youtube video links don't work. What a shame. Teams for business is great.",Bug Report,UX Feedback,0.773,150
518ab975-b052-450e-b0b6-3383b8c6a416,I am not sure because I haven't gotten anything from the experience yet!!! 😕 !!!,UX Feedback,Feature Request,0.3692,151
bc6c3d5b-2eb4-4ca7-bb0d-44fac8d1450e,make a deal with cricket games,Bug Report,Positive Praise,0.4786,152
ff0d4b6d-1a4d-4fdf-9e99-ffddef5edbe2,"imagine expecting money for such a cheap and low quality app, where other knockoffs are better than your original app. this app is horrible in every way, nothing special and everythings horrible.",Bug Report,UX Feedback,0.5958,153
914b6f20-91b9-4e6a-bc7c-71109e80afe6,Same experience as another reviewer - after updating the app the To Do widget is continuously loading. My Day tasks don't show. The widget is flashing.,UX Feedback,Bug Report,0.8134,154
d9042f00-8537-4ebd-9a24-de0cb5402560,"disappointed, I thought this is a free messaging app. but now they ask to pay a fee 😤",Bug Report,UX Feedback,0.7225,155
4398bae9-7e0b-43e5-aa22-cef628a00d84,paying for a subscription just to send a handful of media and files? I thought this app was for communication and business? with Google meet I'm not held up by subscription cost just for file sending. hm.,UX Feedback,Feature Request,0.6645,156
6f07dac1-21a8-4990-b6bf-b47ef94f5fc5,"Freezing everybody's fund without written notice, absolute economic vigilantism. Never in my life have I heard of such noncicle practices just after being given a full banking license by guess who..... Thank you for promoting the cash economy. Even this should be enough to have Revoluts banking licence revoked before it goes to far. Are you saying you can freeze all of our funds at any point without any notice at all, for hours on end because Revolut / You deem it acceptable? Very Unusual.",Bug Report,UX Feedback,0.4658,157
7648ce2d-e677-473e-821f-11cde0eb083b,Would be great to have more free features but otherwise good selection of foods. Feels a bit clunky - not intuitive.,Feature Request,UX Feedback,0.6685,158
eff31c4b-e05e-4553-b90c-c63ffc26f768,"If I could I would rate this lower than 1. Do not use Revolut to invest ! I had bought some GameStop stock in the past, symbolic €50 purchase, Revolut then force sold my shares (which were dropping hard anyway) then banned me from investing without telling me a concrete reason. I had also invested a bit in gold just to be told that they are closing commodities trading in my country and forced me to sell. Imagine if I would have put my life savings in there. Even exchange rates are incredibly meh",Bug Report,UX Feedback,0.6987,159
388c105e-ed27-4c76-9c2c-8b5605eeb400,exceptional app without it I would had lost a lot of my information,Bug Report,UX Feedback,0.6856,160
847737e0-c620-4397-a4b9-150370b2b1cf,I obtained it through a promotion and cannot cancel it. I contacted them. It took forever for an email response which sent me to the same solution that I informed them did not work. Now I am paying for a product I do not wish to use any longer. Don't get it through a promotion.,Feature Request,Bug Report,0.4671,161
ff3acf3a-00e2-42e5-8542-807af1f87ca2,The app and company itself gets worse and worse each year. Wish I could give them zero stars. This company deserves to go bankrupt,Feature Request,UX Feedback,0.5484,162
25b6a211-9b84-4575-a727-cb59f1702b3b,I was unable to manage my subscription by reversing my request to cancel,Feature Request,UX Feedback,0.5194,163
91b6267f-5d39-4f85-b237-ebd3a4e16086,yrr jo id bana rha hu wo id suspend kyu ho jaa rha hau,Positive Praise,Bug Report,0.5614,164
0b6c7a64-df05-441f-8a6c-6f84d687ee95,I love it but I hate having to download on a new phone. I think it should be automatically installed when I get one.,Positive Praise,Feature Request,0.6632,165
ff778719-de47-4f42-bbc6-8370be65bd27,if it had tracking and timing about when you finished your tasks it would be much better,Feature Request,Positive Praise,0.7048,166
60704690-175d-42ac-96f0-2744036667b3,The fact that I had to uninstall and reinstall the app just to remove an old account and add a new one is diabolical,Feature Request,UX Feedback,0.537,167
3a4b33d3-af8b-4c3a-bf77-fd9a9c1909f4,I like Netflix more western and sci fi movies maybe cut a little down international and ore English movies and shows,Positive Praise,Feature Request,0.6754,168
c40ae425-9f50-4490-b8e7-7f4e85c66402,"Buggy UI in the latest. Will try to find a working version from a few years back or else stop using it. When completing a task a pop-up message stays on forever preventing me from reading what's underneath it unless I restart. There should be an option for small pop-ups out of the way that disappear far quicker then they currently do. The Undo option should be available somewhere in a menu, not in my face preventing me from using the app and wasting my time waiting for it.",UX Feedback,Bug Report,0.7989,169
90a79b2b-f1b0-49db-aea6-2e73a72d1d4d,"it wanted to take 2 of my apps off my phone. I said no! and missed a job interview. take your tech and bury it fir it is not a win win. you win customer looses and no person to set it straight, no accountability. Pelion hole me it did. you must agree or miss out. that is not a free contract. that is control and manipulation. very frustrated! but some chat not will process this and be discarded with no personal followup. This generation is empty no critical thinking only do as the tech directs.",Feature Request,UX Feedback,0.4665,170
886e3b98-2c38-4eac-915b-38ff19611a0b,forcing users to give their IDs if they want to use their account.,Feature Request,UX Feedback,0.4322,171
17a8ae57-bb41-4557-96a8-45d4adfa796b,Should open a limited free experience to make people addicted to it 😉,UX Feedback,Feature Request,0.379,172
123d3e72-03cb-4260-803d-d3b64d266db1,"Just used my email to sign up, then they start sending tons of marketing emails",Bug Report,Feature Request,0.4371,173
6c776de6-2f28-43b4-a433-e8b5edcb8df0,I pay for ad-free listening. Get your pop ups out of my f-king face,Bug Report,Feature Request,0.4797,174
4b8615c4-0879-4e6d-97fe-9b6063d8a4e7,teligram india me Ban hona chahiye telegram me user ka data third party app ko provide karta hai pertivand lagana chahiye teligram se jada scam hota hai🚫,UX Feedback,Positive Praise,0.3575,175
b6c52467-a076-4133-aa3e-ffb4cd47b250,"Improvements badly needed include adding the option to make notifications persistent, as it's FAR too easy to accidentally swipe them all away at once or to make them all disappear by accidentally opening the app from the notifications. Otherwise, a good replacement for Google Tasks which for some reason refuses to include a search feature. To Do has search, great organization features including multiple tasks lists with steps you can add to tasks, syncs across devices and more.",Bug Report,UX Feedback,0.5914,176
cf5853f6-a823-4291-84d0-292472909a48,this has turned into one giant commercial. non stop ads,UX Feedback,Positive Praise,0.4102,177
ae5c3d90-fe09-4ba5-a542-14cf5ba33455,can be a bit tricky but fab!,Positive Praise,UX Feedback,0.6563,178
18ec0d8d-186b-45b1-8ead-58d0b66a9b71,"How many times can an app ask if I want to turn on the notifications?!?!?! NO, I DONT want to! if I wanted, I would have done it! after every new to do list, he asks this question!",UX Feedback,Feature Request,0.5286,179
fa3ddbda-25c6-4b55-a52d-b8aa6bf3aa66,"Forcing additional email login for each profile. Suddenly on both web and the app, Netflix is forcing me to add an additional email address to login with for each profile. I use profiles to separate things out, I dont want to have a different login for each profile. It wont log me continue without adding a new login. Will finish the program Im watching and will cancel the subscription.",Feature Request,UX Feedback,0.4383,180
3c04b28f-7edb-4525-b2e5-9ca651690b01,"Todoist is a very modern, flexible, integrated, and powerful platform designed to wrangle the complexity of modern life into something satisfyingly workable. I am a former Remember The Milk Pro user of more than 15 years. Just a few days in, I wish I'd made the switch years ago. Inertia is a thing y'all!",Feature Request,Positive Praise,0.7252,181
f95b0be4-66fb-4887-a7dc-bdab9a644e6b,It looks like a cool app but I'm a little disappointed I was offered a discount at 59.99 a year but it says its going to charge me 79.99 a year after the trial. Not sure why it's advertising a discount but doesn't follow through. looks like a decent app though,Positive Praise,Feature Request,0.4492,182
c6839b9b-e53e-4b36-bf61-f3ed8d23766d,Do something about Financial Institutions that have stopped listening and routinely rip you off. This is the place to go to. Where I come from if we don't like something we do something.,Bug Report,Feature Request,0.5145,183
770310bc-da2b-47c6-a7b1-8e7cf2b42558,"It's ok as a rough tracker. Would be better if you could choose portion sizes easily. Doesn't always sync properly with other apps. Water tracking is abysmal, loses inputs regularly. It's just ok, nothing special.",Bug Report,UX Feedback,0.7488,184
12282528-d7c3-48a5-b5bf-35d27029c55b,"This was a good app for planning, but if I have a lot of text I my notes, I can not edit or delete the bottom part of the note. The keyboard covers the text, and there is no way of getting the cursor down there. it is also useless for important notifications, you will need a reliable internet connection for notifications to work. otherwise there is no notifications. Please Microsoft, fix those issues, and you will get a five star review.",Bug Report,Feature Request,0.5443,185
de69b6c3-331a-47d9-9ed9-e212eae99f53,etne Mahant kar ne ka baad bhe @calas.tanishk. es is per view's he nahi aata ha😕,UX Feedback,Bug Report,0.4313,186
8ae875e4-2b14-4360-8841-45d76e34d4db,"beware, part of the terms for signing up is being able to completely unecessarily send your data to the US, you know, that place where they would be more than happy to use the health data to execute you for having a miscarriage",Bug Report,Feature Request,0.4643,187
4cd801bd-f528-4505-a040-392ff705edb7,"very good, but not really safe.",Positive Praise,UX Feedback,0.5917,188
ae9d3f03-b3da-4f6d-8e0c-f8fc0000ab87,tried to cancel immediately but didnt manage to sort it. couldnt find much on app to help my sleep,UX Feedback,Bug Report,0.6262,189
d81562b7-1b57-4105-9c1e-4af0e4230d74,So far so good. I've started using this alongside listening to the audiobook version of Redeeming Your Time by Jordan Raynor. It's helping me get all my open loops and craziness in my mind into projects and actions. Hopefully it keeps being useful.,Feature Request,Positive Praise,0.7386,190
47fbe696-2124-40e8-acc3-802b77c9137a,i want good quality for all types of devices,Feature Request,Positive Praise,0.7179,191
610e51d8-5f86-41ed-af67-ecc21f9081c5,after an update it works well,Positive Praise,Bug Report,0.6527,192
e02ca466-0003-41e8-8fbd-002c9179e98c,"I'm on family plan, despite that, the app just shows grey screen when I open the app without internet. It's not only I put on my data that I can access even my downloaded music",UX Feedback,Bug Report,0.6786,193
9fd64f29-84f2-49f2-9172-02cfff8c7f41,"You are generating really bad daily calm with ai, the sound is robotic I really loved the daily calm, but i can't concentrate anymore, every second word pulls you oyt Please check the meditation sound before releasing to the world",UX Feedback,Bug Report,0.5892,194
88c83ff6-d5e1-49a9-8bd4-c4f28fbe95fe,This is an excellent work. I was only able to browse through. I will go through it throughly. Otherwise great 👍,Positive Praise,Feature Request,0.5879,195
a6dcf39f-0bcf-4d37-a872-88b73cb393fb,Very nice app. Please add categories in app. It is not available like web. It's very important feature for easy accessibility and management.,Feature Request,Positive Praise,0.6671,196
28bad0f8-1cc9-4a95-9a2a-f7112cabcfd5,This is not free at all as they claim. I get in app purchases but there is nothing free about this app. I can find the same thing on you tube and its actually free..,Bug Report,UX Feedback,0.6077,197
1a6520c7-289b-498d-bbd6-3e73b153835f,"God, I'd even prefer talking through a tin can telephone",Bug Report,Feature Request,0.4817,198
80bfdb60-519d-4838-8ca2-509f43fe49d5,unless you want to pay don't waste ur time downloading this app,Feature Request,UX Feedback,0.4434,199
39e2fab5-a9fc-4e5a-9829-f088903d0290,pretty disappointed.. been using this app for over a year. paying $29 a month. just for it to mess up every month and won't load.,Bug Report,UX Feedback,0.7418,200
de20de05-f373-46b5-b2e9-ddf361afc8d5,"Do not waste your money. The content is good but the app is a disaster. Hard to navigate and find things and constantly trying to get you to upgrade or share, so you have to click a bunch of times to get to a meditation. By then, my blood pressure is up, so it sort of defeats the calming. you can get EDMR on your music streaming, I wish I knew that. Will not be renewing this",Feature Request,UX Feedback,0.468,201
a7e3c043-8f7d-40d3-a9a7-b944ccaa0788,This app breaks the navigation bar and causes other functions/services to slow.,UX Feedback,Bug Report,0.7602,202
b5bcedad-7eaf-49e9-bcde-c7dac1808865,"Very good alternative to classic banking, much faster,easier to use. (important info - doesn't work on root phone,as any other financial application)",Bug Report,UX Feedback,0.6237,203
4874a2b7-201d-48e0-854d-ddfa8eb1f7a4,5stara so yall can stop reminding me to rate the app,Positive Praise,Bug Report,0.3837,204
66b751bc-ba7e-456d-844f-bea31a0db830,"I updated it, and all my downloaded albums were gone 😠 😡",UX Feedback,Bug Report,0.7325,205
861dfc41-bd62-4152-af4f-a3e1187dd60b,only one week for free 👎,Bug Report,UX Feedback,0.5296,206
63e8192b-0537-4d45-b9d6-f2660999e8c9,no one wants to be FORCED to add their email to each account profile...,Feature Request,UX Feedback,0.5182,207
32aa31b2-1472-4ad1-857c-365c58392eac,The widgets keep flickering it's very annoying.,UX Feedback,Bug Report,0.6585,208
dd59f982-a72a-4637-b3e7-5032ce3f1861,PayPal sucks ..I got them then I got a 2nd hand credit card out if them ( wasn't them) . then screwed me . DO NOT USE PAYPAL YOU CAN MAKE BANK TRANSFERS JUST AS EASY WOTHOIT THIS GARBAGE .,Bug Report,UX Feedback,0.5989,209
59455c77-9cc5-45f9-aace-49626f67703f,"All my IDs have been Disabled for 180 days. I request you why my ID is being disabled, please help me Instagram help",Feature Request,Bug Report,0.613,210
c413e6b0-38f9-4e16-83de-04bbf074e8cb,"Just streets streets ahead of anything else I have used, it is actually making me a more organised person.",Positive Praise,Feature Request,0.509,211
7db11d0c-aad8-436d-9f79-24798a822ec3,"I tried some other apps. When it comes to cross OS apps(🪟,▶️,ℹ️🍎), CalenGoo and Microsoft To Do are hard to beat as a pair.",Positive Praise,UX Feedback,0.3137,212
9004e2cc-4acb-4ff1-952f-bfbf519638f4,"good it helps you to build a schedule. and it is good. it helps in many ways. we can edit more. but i expect the notification ""to do"" if I was not finished the work. like it should push me to do the work.",Positive Praise,Feature Request,0.6807,213
22a48172-2f17-4bbe-8f1d-190ed65af0a1,"I can't play any videos, always loading!! so disappointing.",Bug Report,UX Feedback,0.7145,214
eed74ad5-ecc0-42f5-8dbd-d7e9e6785515,good place to share your creativity and what you're doing but the app fails when you're trying to upload to more than one account and then just decides to not post it at all,Bug Report,UX Feedback,0.4285,215
22cd529d-49c6-46fa-aba6-6927a90acdaf,"New UI is terrible. Why fix something which wasn't broken? It worked, we liked it.",Bug Report,Feature Request,0.3778,216
b8f79ec4-c239-4c07-8fee-3f9cfc7aa711,netflix experience is Good but Is one issue in budget phone running 1080p on low bitrate quality,Bug Report,UX Feedback,0.6852,217
dd9db2ec-5e57-431c-bae2-22ad9008f32f,"It's nice but it need you to pay, almost everything requires you to be a premium user",Positive Praise,UX Feedback,0.5854,218
9be66dd6-8008-42ce-89f8-030f13e32227,"I remember barcode scanning being free. What a downgrade, especially when in need.",Bug Report,UX Feedback,0.6903,219
2a9488be-6baa-4fd7-a7b3-177b0140babc,They force you to sign up so they can use your data. Avoid. Reply: It should be optional. Your comment added nothing of value.,Bug Report,Feature Request,0.553,220
15f753f4-3717-42ba-bc80-649341fc86c4,Good but they should make it more like Facebook just like u login not they send u otp because at times many people lost their Sim card so that means their account is also lost only the thing hate,Bug Report,Feature Request,0.4367,221
6a302841-d38d-4295-b577-01ff8064ea53,great mobile app. the only thing I could wish for is an easier to access currency conversion calculator.,Feature Request,Positive Praise,0.6979,222
c141c917-9c68-43eb-a6aa-3c2195921f86,I have been using my fitness pal for many years to lose or maintain weight. calories and out works for me against any other fad 'diet' plans. Eating well with options of treats when you have calories remain ensures I can have a balance without feeling guilty.,Positive Praise,Feature Request,0.5554,223
66d4ec46-4622-40b4-a2a5-c333020844fd,"food data was uploaded by users, now my fitness pal charges for that data and the user work......",Bug Report,UX Feedback,0.4231,224
17e36f90-038e-458d-93b3-5942ec139146,They need to add some censorship,Bug Report,Feature Request,0.3513,225
fda2a2d1-be96-4992-b69a-82193898ad02,Tinubu app. Most Nigerians don't know that stupid meta Nigeria is being controlled by Tinubu. No wonder mark Zuckerberg is not moving forward. look at the level where Elon Musk is currently,Bug Report,Feature Request,0.4903,226
9569345f-7dfe-4cbd-ba91-a09c4f1c0c2c,"u totally ripped me 😭 i blindly believed and took a subscription just to watch bts comeback live but they just cheated me and ripped my money by not showing the whole concert. now that the famcam came, am realising that i missed a lot of good and freaking moments all because u guys didntshow me 😡 i really hate it now and am feeling so freaking angry just thinking bout it PS : if u ever do a live of them pls just focus on every members and every single moment of them instead of hotels promotion",UX Feedback,Feature Request,0.4062,227
d92a4384-c3b1-4827-85a6-bc3ffe099be5,I cannot recommend it enough The Best…,Positive Praise,Feature Request,0.3634,228
3bb14214-b079-46e6-9f28-ca5612e1763b,"Ayyee bhikmangya. You should stop begging for money all the time. People who want to pay will pay anyway and those who don't want to pay won't do it no matter how much drama you create they'll simply switch to another app. In today's world, where anyone can download a song in just 2–3 clicks, it's ridiculous to keep annoying users just for playing music. I was ok with the ads before, but now you're saying users can't get more than 6 skips? UNINSTALLED",Feature Request,UX Feedback,0.527,229
5a8bd244-4366-49fd-addd-983dbce8d4f2,wow yall really gotta lie on your ads? I downloaded cause the add claimed free app I install it and it immediately asks me for 79.99 after I login shame on you do better,UX Feedback,Bug Report,0.6475,230
0476d783-1a0e-4d57-b27b-e4662e2f7f65,This is everything I wanted. Thank you,Feature Request,Positive Praise,0.6763,231
71aef892-a01e-4b26-9fb3-2ee31c2dead3,Could use the ability to assign the task after has been entered.,Positive Praise,Feature Request,0.465,232
9321c9f4-5147-44a6-a53c-6eb680b4374e,"Premium payer. It's my favorite music/podcast app. I've only dabbled in the audio books but its nice to have those available. Some tech issues from time to time but usually fixed within a few hours. (edited) Thanks for the response developer. I did restart my phone and uninstall from scratch, still didn't work this morning. Did nothing else except walk away from the phone for a few hours and now it works as it should without changing anything.",Positive Praise,Feature Request,0.6189,233
700a1453-f743-4b57-808a-828de596e719,asmr in you tube better to get you to sleep fast,UX Feedback,Bug Report,0.5522,234
95d2bdc6-ba5f-402e-b874-e1e62f5c43fe,garbage app. they made a mistake and couldn't even reimburse me for the mistakes they caused. stay away from this app they'll just cause you problems,Bug Report,UX Feedback,0.7032,235
74f064bd-c4e1-41d7-a11e-ebbb678537ed,The Ramble feature is amazing!! Definitely makes me want to use the app more,Feature Request,Positive Praise,0.6836,236
f5a6c391-4df3-4d66-a0de-5e35f2847681,"After all these years of avid support I am over this app. The ongoing limits set on the free version has made this application useless. The features that were so great are now only available with a subscription, which is extremely expensive IMO. Overall, bummed and disappointed; any suggestions on a food tracking app??",Feature Request,UX Feedback,0.5856,237
70c447f2-a9c6-4e1b-a33e-6c4f3e50958b,"If you're considering Revolut, don't. They randomly ask you to resubmit your document or a selfie, and you might get stuck being unable to make a payment if you don't have those documents with you. Obviously their customer service is ridiculously useless. Check out Monzo! Edit - Things have improved quite a lot since my last review. No more randomness, it's a bank that does what they have to do.",Bug Report,UX Feedback,0.3855,238
51199101-308a-4af7-9f20-91fefca1bcfd,these developers need to be fired on the spot. why in the world would you get rid of the option to delete multiple items at a time? if I accidentally copy a log from another day to today and it's the wrong one I have to delete every single item one by one compared to all together. the thought process of whoever decided to get rid of that option is idiotic. as well as no longer being able to have the option to copy a whole days meals. now it's too categorized buy breakfast lunch and dinner.,Feature Request,UX Feedback,0.462,239
4a0ce39e-df1b-4246-8778-70624b29e4fc,"I don't like having to pay for more options, but the free version does provide support to my health journey",UX Feedback,Feature Request,0.6066,240
1bbb4e23-0ff6-47e6-a05e-4198ad7b7e73,"SCAM!!!! DO NOT PAY FOR THIS!!!!!! I want a full refund! This app does NOT work properly. It merges today's and yesterday's meal's while deleting some I had added, which screws everything up and makes this a complete waste of time! HOW AM I SUPPOSED TO GET ANYTHING OUT OF THIS IF IT DOESN'T WORK??? I just got charged $100 today and can't get my money back!",Bug Report,UX Feedback,0.6761,241
b47ca561-c78f-4e71-98fa-989672bd7284,I used to be able to scan my items for free. I've had this app forever and they randomly just took it that feature away so that they could charge me for it. prior to this the app was awesome,Feature Request,Positive Praise,0.5315,242
9efb75af-a2cf-4cc1-8c03-8600378c4cf7,Instagram Team you suspended so much accounts for absolutely no reasons even we do selfie privacy why and when we apeal you permanently banned our account and for download your information if we forget the password it's useless 7 years waste why you suspended so much my every account is suspended like if u agree we need to boycott fu insta,UX Feedback,Bug Report,0.6204,243
86c078ce-b9e7-403c-9eeb-83edae11057d,did not save my acc and if you are able to help wit that please write me back,Positive Praise,Feature Request,0.4897,244
922802f9-bc1c-4843-96a5-b9eb34daba86,"Free for 7 days, then subscription required",UX Feedback,Feature Request,0.3428,245
42c57a03-2fb5-4bff-b794-bb08dd6c965a,it says free app then when you install it it says 79.99 a year. false advertising!!!!!!!,Bug Report,UX Feedback,0.6065,246
67390806-91b1-4a94-b047-2cbf47c62562,"every music that used to be free is now not free and this app wants me to pay JUST FOR listening to the music? this so unfair and this app is greedy-money , if I open it tomorrow nothing will be free, this app is the worst app ever , I used to hear alot of music for free now there only few tracks counted on fingers are available and free , and tomorrow there will be no track for free, this is NON SENSE and UNFAIR",Feature Request,UX Feedback,0.535,247
fcd04a90-c3eb-44c6-8e2b-66d13a735d62,"Sorry but.... the new UI is terrible. Please revert back to the previous version of the app while you work on the changes requested by the users. Literally, there is nothing in the new app that makes it easier to use when compared to the previous version. The character limitation of this review box is not large enough for me to list all of the shortfalls. Again, sorry!",Feature Request,UX Feedback,0.5528,248
ef32621d-bfcb-47f0-ae0d-38a896324e1f,"I use it every single day both for work and personal if you find yourself needing a task app with a deep hiararchry, extreme customization, and ability to create teams or share live lists with others, this is it!",Positive Praise,Feature Request,0.6137,249
0a38f083-53a7-4f1f-ae83-46fadf5cbe71,"Paid for premium, when I open the app it says something went wrong. Tried uninstalling it, clearing the cache, nothing works.",UX Feedback,Bug Report,0.7076,250
a1c2665e-607a-4505-97cd-65e060dcb3dc,I have never slept so well. This app is money well spent. I listen to the stories every night to fall asleep. I no longer wake in the middle of the night and feel more rested in the mornings.,Positive Praise,Feature Request,0.48,251
822a0d7d-6bd4-46a7-88a1-8afedd0568f3,"Before microsoft purchased this app few years ago, it was simple, easy to use and very responsive. Unfortunately, it has become less intuitive and irritating to use. Too often, it just freezes or does not show my edits in a timely manner. I still use it occasionally, but its no longer my go-to app for preparing lists and reminders.",Bug Report,UX Feedback,0.4431,252
6c8d6705-0ed6-4278-9a0e-d081dcec6078,"Just a heads up for any neurodiverse users- this app ain't it. In just three days, this app: ✅ Created tasks I didn't ask for (loss of agency) ✅ Labeled them ""overdue"" (artificial shame/failure) ✅ Warned of a limit (scarcity anxiety) ✅ Showed a visual ""0/5 tasks"" (failure display) ✅ Instilled urgency about orientation tasks (absurd) I'm sure some nerotypicals need that sort of thing to be productive, but it's the opposite of accessible to the rest of us.",Bug Report,UX Feedback,0.438,253
06ef1d22-25ff-4f74-a1e1-75189a06dbc7,Crazy expensive for what it is,UX Feedback,Positive Praise,0.3516,254
3755670b-f9dd-44d8-813b-ea5c4ae2090e,No customers service when needed!,Bug Report,UX Feedback,0.4748,255
c6f64a83-3110-441b-bd3f-bcce1906950a,"I purchased a Netflix subscription expecting to enjoy movies and shows without any issues. However, after subscribing, the service did not work properly. I tried opening the app several times, but videos were not playing and sometimes the screen showed errors. I checked my internet connection and restarted the device, but the problem continued. It was frustrating because I had already paid for the subscription and could not use . I expected a smooth experience but faced disappointment",Bug Report,UX Feedback,0.683,256
59b389ec-dbc2-4fe6-8959-6fcc107d7ed9,I prefer to edit lists with a return lines key.,Bug Report,Feature Request,0.4386,257
0a03bdbd-7ebd-4b20-94e2-03d25c717109,"It's really great, wish I could delve deeper, but it's way too expensive for me, I had to uninstall it 😪",UX Feedback,Feature Request,0.5626,258
10bc72d4-ecab-480f-b5f5-1d702f865d0f,"Calm is a highly effective meditation and mental wellness app that helps create a more peaceful and balanced daily routine. I really like its wide variety of content, including guided meditations, sleep stories, breathing exercises, and relaxing music, which makes it easy to find something that fits your mood or needs.",Feature Request,Positive Praise,0.656,259
ab340a26-8c1e-489d-adcd-035d8bd938b4,"This ""meditation"" app interrupts open-ended sessions with ads",UX Feedback,Bug Report,0.6281,260
d7b73977-a6a9-47bc-a83f-01f2a9b18391,"*Breaking* *Telegram access restricted in India for re- NEET following recommendations of NTA* *""Ministry of Electronics and Information Technology has issued notification a direction under Section 69 A of the Information Technology Act, 2000, restricting access to the Telegram platform in India for a defined and limited period ending 22 June 2026, covering the day of the NEET (UG) 2026 re-examination and its immediate aftermath. A direction requiring the platform to disable, in India, the",UX Feedback,Bug Report,0.513,261
c84dc5cd-c770-48b1-acc8-09a00d77a55b,"can't use a unit of measurement of my own choice. I measure all my food in grams, and there's no way to convert the unit of measurements. I decided that I didnt like the app so I attempted to cancel before I get charged. I cant. the app hasn't shown up on my list of app subscriptions yet. so its not actually a free trial. thats a bold faced lie. its a $20 trial. this app is trash. im going back to my net diary.",Bug Report,UX Feedback,0.4757,262
0077c2a8-820d-4523-878f-36a759124a02,"I am facing a serious issue with Instagram. Several of my accounts have been suspended without clear reasons, and I have not received proper support or responses to my appeals. I feel frustrated because I keep losing access to my accounts and there is no proper explanation or help from the support system. I request Instagram to properly review my case and fix this issue if there has been any mistake. I hope Instagram improves its support and verification system so genuine users do not face 😡",Bug Report,Feature Request,0.4519,263
2fdee8eb-0200-47e0-a5fa-126183a2d27a,Too much of a hassle for a quick guess meeting. And I keep stuck on Hang On we're opening Microsoft Teams,UX Feedback,Bug Report,0.6697,264
0b87dd25-ff61-4b05-8409-e21fbc0566dd,been a loyal paying customer for many years now and just lost about 700 songs from my list probably done with Spotify completely no point in wasting money when they will just delete your hard made playlists anyways please dont waste your time or money,UX Feedback,Feature Request,0.5605,265
39de5486-61ee-43ae-ba02-e769c9c5dba6,says free but have to pay after a week,Bug Report,UX Feedback,0.5149,266
9bae2e98-7e7a-474f-8acb-e64dba308beb,"It's disappointing that I've been using Instagram for years, I haven't violated any community guidelines, but when the Facebook and Instagram systems crashed, I was suddenly suspended??. Almost half of the users here in the Philippines have their accounts suspended, what happened meta? I've been waiting for your reviews for days, and until now, there has been no email from you. You can say that my account has been completely banned so I can't hope to recover my account.",UX Feedback,Bug Report,0.6618,267
0746b1ff-19fc-47ab-96c9-3241dfe49f6a,restricted my account with no clear reason and won't allow me to withdraw my funds. PayPal are theives,Bug Report,UX Feedback,0.6042,268
60f773a7-80c6-4bdb-a6dc-4b4872576347,"It was perfect for so long, now the widget for it just flashes all done and doesn't let you press any buttons, basically the reason I had it in the first place. disappointing",UX Feedback,Bug Report,0.5822,269
54a09560-5ba2-4ae0-bd4b-3ac08dbc13bd,when we complete any title then the subtitle of that complete...but it shouldn't.... bcoz it's not necessary that we complete any title so we complete subtitle...,Bug Report,UX Feedback,0.4488,270
5a8279a3-c685-472d-bfe5-f5c8fe2cc604,Netflix deserves a 5 star but to make it better it should renew it's contract with Rockstar games and return the GTA games Please Netflix sincerely return the GTA games Thank you.,Positive Praise,Feature Request,0.5851,271
33b2e94f-293f-4398-ada3-0d9372a376cf,I'm getting harassed on this app,Bug Report,UX Feedback,0.5122,272
870a3dd0-491d-43b1-ba73-4f1735049d6d,"I highly value MyFitnessPal. However, I am unable to endorse the current version due to the exclusion of the barcode scanning feature from the standard offering. It is my understanding that this functionality is now exclusively available as part of the premium subscription, which I find to be an unreasonable change. It might be time for a free alternative.",UX Feedback,Feature Request,0.6508,273
e8af8041-a416-4880-bb75-8975e08d8555,wont let me navigate pass the premium offer. I dont want to pay for this app. it appears it doesnt want me to use it for free idk save your time,Feature Request,UX Feedback,0.5611,274
805037bd-01da-497b-aab3-57941be89aff,"it used to work fine , but starting from May 26 due to a strangely declined transaction it stopped to send or receive money. the worse part there are no messages explaining why and i even called the customer support and they just didn't explain anything , only said we appreciate your patience. such a useless disappointing app.",Bug Report,UX Feedback,0.6794,275
515ec419-cce5-41da-aaff-5779f2031805,"EDIT: I reached out to support as advised in the response but they were not willing to do anything. I have used Todoist since 2010 but will have to look for another app. I paid for pro for many of those years but $60/year has become way too much. Some of us do not use the AI features, and just need reminders and more than 5 projects. For those basic needs, the new pricing makes it not worth it. Maybe come up with subscription tiers?",Feature Request,UX Feedback,0.5691,276
e6ce50c5-243b-4f65-87e3-c0eb6b578add,trash is just a money grab,Bug Report,UX Feedback,0.5827,277
a21a4d9b-d5a5-4621-aa52-827ceee9d5ec,We need an option to disable HDR which causes brightness problems,UX Feedback,Bug Report,0.5485,278
28e44cd7-cf99-4f63-80ae-20ac3f418460,"If you are willing to lose control over your financial information. Then open this app. You will be unable to close, change, and stop your credit card from being used once you start using PayPal. I closed my account, removed my credit card information, and uninstalled the app from my old device. I didn't download the app on my new device and yet the information is still on my new cellphone. if you go to the Play Store it forces you to "" choose a device"" This is a nightmare.",Bug Report,UX Feedback,0.5416,279
f15d44a4-125f-4fac-ac4d-5b29cacbe497,"worst experience I reinstalled the app and it asks for email verification, after doing all process it ask for sms fee but even after entering card details it is showing error everytime. what kind of problem is this , I have emailed you guys but no reply. HOW IRRESPONSIBLE THE ENTIRE TEAM IS? Even after your response and emailing you about the problem no one is following and providing solutions in your sms email . SUCH A DISGUSTING SERVICE.",Bug Report,UX Feedback,0.6192,280
e23860c4-ccde-44c3-9aa4-7dc161ee4692,It would be more stars if I could connect my Amazon Bip 6,Feature Request,Positive Praise,0.6006,281
085c4381-d68b-4982-b562-694b3e125c43,"Es desagradable que te bloqueen las tarjetas a cada rato porque según ellos detectan qué son transacciones fraudulentas, si estoy haciendo han compra en amazon, no en una página desconocida.",Bug Report,UX Feedback,0.4305,282
f3645c88-3a2d-4d80-af7d-d66701168dc6,l cnt get through to my account because of this sms fee issue l thought telegram was free so annoying,UX Feedback,Bug Report,0.6776,283
7b9bcf09-4b97-4747-9a74-b85edccd0670,"Hey, I noticed a bug in the app. The macro grams don't match up between the 'Macros' and 'Nutrition' sections. I did the math myself and the 'Nutrition' section is correct, but the 'Macros' section is showing way higher numbers than it should. Could you guys take a look and fix this? Thanks!",Bug Report,Feature Request,0.4937,284
55cdeb3b-4a9b-46fb-88ea-54d9cad54e5c,"Last updates messed the widget up, it flickers etc and is hard to use if not totally unusable.",UX Feedback,Bug Report,0.6785,285
0dcdb673-a380-4346-91bd-35cb0ad19dd9,Very cheap app i am using since 1 year and still i can text only mutual friend this very rediculious i will not use anymore this app good by.,Bug Report,UX Feedback,0.5128,286
62e9a89d-9617-4685-ae4d-cd6dadaf4096,"Not good enough, every day, I always have to re add my daily routines, it's more of a manual app",Bug Report,UX Feedback,0.3641,287
2593e331-8b43-4791-a417-fb3e7890b766,"Useless apps, need real money to use it. DON'T RECOMMENDED, Uninstall it NOW!",Bug Report,UX Feedback,0.5727,288
d339ca20-fa7a-4239-aa4f-166ca04a40c7,"treated like literal scum if no premium 6 skips per hour ads galore you want to load up the app guess what, Ad you want to skip song, Ads each 30 seconds some more then you listen to one song then you get more ads I once got five ads that's nearly the length of a song and don't get me started on songs you can't even pick which ones to listen to and your playlist aren't yours cause their allowed to shove whatever song they want on it you search a song and press on it well suprise playlist it's bs",Feature Request,UX Feedback,0.5411,289
1e6f3325-9648-4fae-af45-bd70828a78cf,nothing is free and I don't have money to buy something I can't try before investing with credit card,Bug Report,UX Feedback,0.6375,290
e7b83825-a435-4598-bcfd-e9147363e15d,please be careful with this app I deleted because I did not use...... and there a hidden recurring subscription...... now they won't refund me even though I don't use the app .... be warned,UX Feedback,Feature Request,0.4196,291
4e3c21aa-5730-4399-aebd-98f36c6903a1,I don't like the the reporting and posting stats. I am too old to learn how to use this new app.,Bug Report,UX Feedback,0.4597,292
ac450ebd-7279-4e49-8dd6-b0d9a6cf8a1b,"trying to confirm my password from my phone email app but every time I switch out of the PayPal app, it errors and wants me to send another code. so messed up. I need the money in there to combine with the money in my bank account so I can get to work -where a computer is that I could use to get my money. so annoying",Bug Report,UX Feedback,0.5581,293
d0c13494-c0e7-4003-b4c9-0ede29fb8d9d,worst experience ever. Whenever I click to verify my identity it just open a white screen nothing else.,UX Feedback,Bug Report,0.6434,294
6cc7acb3-f269-4ee1-b404-01d896dc8e0f,"Cannot open the app. My family was paying for an account with 3 users, since the update a month or 2 ago, no one but the person paying for the account can sign in. Ridiculous. Have been a member since like 2009 and now they're barring users from using the app they're paying for",Bug Report,UX Feedback,0.6326,295
3fe19762-a25c-43f9-8608-e37fc05de1f0,it works when you follow it! if only I could keep motivating myself to follow it!,Positive Praise,Feature Request,0.5561,296
b8dfeb82-269c-4aac-a966-adf0d5b28007,even if it's a free APK please remove Ads and don't put random play.........,Bug Report,Feature Request,0.474,297
47d50a3f-b952-4cc9-981a-dfc88124f9dc,"This app is hot garbage especially if you compare it to anything competent out there like Slack. The back button in only certain chats just downright does not work, while other channels refuse to be read even if I've read everything in the channel and explicitly marked it as read they continue to remain unread. There's a variety of other weird quirks, bugs, issues etc. The development quality overall is atrocious.",Bug Report,UX Feedback,0.556,298
7e684650-11dc-4c21-b46b-bd6add011876,customer for 6 years with every 1c spent being documented. closed my acc under no reason provided,Bug Report,UX Feedback,0.5714,299
6029defe-9b3f-40c8-abc2-1937a539a642,They charged me for this and i never authorized or subscribed. I want a refund because I sleep good. I don't neep help going to sleep and i don't have anxiety issues. I give 0 stars because i know nothing at all about this app. They just took my money!,UX Feedback,Feature Request,0.365,300
d5a1a636-2cd7-4e3a-86e3-11d116d3a15c,It's too easy to add your entire last meal from the previous day,Bug Report,UX Feedback,0.5551,301
e8244a16-f658-433a-a990-fa6a26fd0f72,"Over the last five years, the calorie counting has become more and more inaccurate. Right now it's rather a joke. The people are raking money from this app have no incentive to fix it. Their AI stands for Absolute Idiot.",Bug Report,UX Feedback,0.6086,302
5daaa43b-1eff-481c-8186-6a405de01ab4,"One issue, not allowing multiple parties to mark or comment during teams meeting. Rest good",Bug Report,UX Feedback,0.5656,303
95f31acf-7c25-403e-9d21-e644e83ede16,I have experience because I had business I online a lot .But I am still have problems. The big trouble with me the Apple A/C and method A/C. When I changed the IPhone to Samsung. very headache.,Bug Report,UX Feedback,0.5934,304
17c29417-1037-4904-a33a-910f069f927b,"Bait and switch premium subscription features are scummy. The app may be good otherwise and have cool features I don't mind paying for, but making you invest time into configuring and fine tuning advanced features like meal planning before finally telling you at the end it's $99/yr to enable that feature? automatic zero stars in my book. App developers should do better and we should expect them to be better.",UX Feedback,Feature Request,0.5517,305
d8ea3d60-6e97-4adf-8a2b-23a2469ecb22,don't ask me what my default payment method is if you won't even use it.,Bug Report,UX Feedback,0.4747,306
709f9e6f-4caf-4a8f-9690-83e264238749,my posts not getting views. sometimes no view at all and it so painful,Bug Report,UX Feedback,0.6019,307
1253a2b7-5422-4c5b-9b0c-4fc75c80f215,"I have used this product for years, many times every day. It was great under Android 13, but crashes frequently on Pixel 10's version 16 and is getting worse. Not recommended for current Android OS, but passable as a Win 10/11 app due to sync issues.",Bug Report,UX Feedback,0.5196,308
7993fc41-fe84-4e82-9c34-b7be8a73d56d,"new widget got completely ruined, buttons never work and constantly keeps loading. its faster to just search for the app now and press play there.",UX Feedback,Bug Report,0.5953,309
c416a747-37da-4735-8696-d56069a6837c,"Broken App, Horrible Support Today the app is 100% broken. Their support is insane. A different person answers each message and all they do is ask questions on repeat with absolutely no resolution.",Bug Report,UX Feedback,0.6054,310
1af784e8-9238-4d02-bf94-cc9a808224cd,"I am canceling the monthly subscription I just bought yesterday because I open the app, and it redirects me to get website after the take a deep breath loading screen. and it opens in the edge browser that isn't my default browser. fix it I wasted my money.",UX Feedback,Bug Report,0.5215,311
1b9bb446-d0cf-4845-81b9-b2a856a919d9,"Keeps signing me out eve though we pay for a family bundle. Other than no commercials, Netflix app is like all of the others. Garbage",Bug Report,UX Feedback,0.601,312
baa1901b-4b36-442d-89a7-932ba6ba8ba0,"It's a practical app for logging food, but for the recipes I hate it. Every recipe I've seen is in 'cups'. Only the USA uses that as a measurement. The rest of the world uses grams and millimetres. I have no interest in looking up the conversion for every ingredient of a recipe when there are millions of recipes on the Internet etc that do use normal metric measurements. (To the developer: I wrote measurements, not 'serving sizes'.) Also, exercises STILL don't sort to 'most recent.",Bug Report,UX Feedback,0.4706,313
78185e81-97a8-42e4-995c-f0954aae05f3,"Microsoft to-do list is useless if its tied to an email account that you have held for a long time. I tried setting up a study timetable, but Todo dug through more than a decade of old emails and dumped thousands of outdated tasks and flagged messages into my list. Theres no way to bulk clear this mountain of irrelevant clutter. It was overwhelming, stressful, and impossible to fix so I ditched the app entirely and started fresh somewhere else.",Bug Report,UX Feedback,0.4486,314
b5157ebd-ed45-452f-a65c-66aaaf2f975f,"this app used to be amazing. Now I can't find anything i used to use and I feel like almost everything is premium. I can't even locate the regular timer anymore. the last thing I now feel while using this app, is calm.",UX Feedback,Bug Report,0.4776,315
f39955c6-12c2-46f6-9b11-b4f5e488fbec,"after 7 years of using revolut, I think I'm done. doesn't work with Samsung pay, hence can't use the cards on mobile after degoogling. I guess it's time to go back to millennium because they support Samsung pay.",Bug Report,UX Feedback,0.5936,316
79208bd3-64be-4629-b8b7-b2178bf9558e,it would be good if can open nested groups,Feature Request,Positive Praise,0.5831,317
4c1e94a3-1366-4db9-a82b-721522f9fa7f,"not sure when it happened, but now we don't see a weight estimate. this new version has taken several steps backwards. I'll never understand why developers keep tweaking programs until they're essentially unusable.",Bug Report,UX Feedback,0.415,318
b1dc8fc3-be11-459a-bbb8-4057ac04ad62,"I'm gonna say this quick,,I never received a PayPal card for me..at all.. this is fraud...",UX Feedback,Feature Request,0.3859,319
bb3e9ef6-2ee9-4135-8ba0-cc1d9369ab79,"I'm brand new with the service. I'm liking it. More specifically, you are provided functionalities I've haven't had previously. You should give it a try!",Positive Praise,Feature Request,0.5612,320
cb3d345b-2b0f-47d9-a5d0-954de3da585a,They just changed the entire look of this app. I now have to relearn how to do everything .,Bug Report,UX Feedback,0.5759,321
4f23732a-ecac-489b-aa1e-d2f6748debe0,"If you don't pay to play, you may as well be tracking your macros and calories yourself. Everything is manual input. I tried tracking my exercise for a full day capture. I do kickboxing and strength training. I use my Garmin all day and that's as close as you might get to what a calorie burn looks like, not that I would know what that math is since I only see the overall day. This app seems to think I'm going to intuit my calorie burn. Why would I pay if the free version (preview) is this bad?",UX Feedback,Feature Request,0.4586,322
6dfbae13-19b0-4d49-a3cf-6bdf8401d481,Change the format back to what it was! The journal is counterintuitive now and it keeps bugging and not allowing me to add new items unless they're in my recent history. I've had this app for years and its garbage now.,Bug Report,UX Feedback,0.5889,323
350f50aa-f6e7-4169-9e02-3bdbbcf98e14,"This App has downgraded, it is extremely buggy and sensitive. all I did was scroll and it made me prove I was human, and they locked me out of my account, seriously? this is very annoying, please fix this, and approve my account.",Bug Report,UX Feedback,0.6097,324
a7835d9c-276e-42b4-b66f-5564ff43aabe,"Do not use their cryptocurrency. Paid in £1 to test the waters and since then it will no longer allow me to access the crypto part of the app. Just a continuous notification to 'try again later' this has been going on for 2 months now! I can only imagine if I had deposited more as I no longer have access to the funds placed. I can't even withdraw the £1 I put in. it's still there at 98p but I can't withdraw, transfer, add more. DO NOT USE THIS APP FOR CRYPTO!",Bug Report,UX Feedback,0.4491,325
6e516308-f53d-4c21-bb1e-fdd3592b62af,no integration with Adidas Running App for counting calorie s,UX Feedback,Bug Report,0.5326,326
af25d294-b3b8-4d2b-a38d-6245b09fe986,no free version found. read the reviews... not calming. uninstall.,UX Feedback,Bug Report,0.613,327
30105f35-8f75-46f2-b0fa-9cf603328c16,how dare you ask me to use a browser other than my system default. absolute dark pattern cancer.,Bug Report,UX Feedback,0.4554,328
1b48bd48-54d0-42b9-8c4a-a57eaf377e25,The worst app ever. Unnecessary security with many questions Wich doesn't make sense. Sending me a code to mail address which I don't use for many many years,UX Feedback,Bug Report,0.5085,329
ff0e205e-1554-4f41-b7c4-04b2e4937735,useless app very less movies,Bug Report,UX Feedback,0.5914,330
9a4a4408-e46c-4fd7-9c87-c08f0ee2a66d,"They introduced a new, bigger and more obnoxious home screen widget that you have to replace the prior one with, and now it doesn't work. What a waste.",Bug Report,UX Feedback,0.5882,331
5392119d-b0b0-419d-9862-2efdc984e338,"I hate that when I try to open this app to calm my child when I'm totally exhausted it just freezes on a blue screen for infinity saying 'take a deep breath', or some such infuriating nonsense. I can't describe how much I hate this feature. Regret getting a yearly membership.",Bug Report,UX Feedback,0.5749,332
a0139140-1179-4594-8758-071919a63ea2,Somewhat intuitive to set up. Told not to send alert emails. Continued to. Deleted.,UX Feedback,Bug Report,0.5977,333
faae2975-a769-4d10-b4b5-89117e17cc39,"honestly at this point, just like youtube there is to many ads and when you skip one another pops up, im just going back to ""tactically"" acquiring music again at least then i can listen without ads or ""breaks"" or paying greedy companies to take away ads.",UX Feedback,Feature Request,0.4826,334
f4204905-6b25-44a5-8b62-0e7657ec01d2,"After years of waiting and hoping that Microsoft would seamlessly integrate Tasks into the Calendar app, I've finally given up. To make matters worse, the Outlook 'all-in-one' windows app has become incredibly buggy—even just opening the calendar is painfully slow. I finally decided to switch to Google Tasks and google products, and the experience is night and day. All of my tasks now integrate perfectly and show up right inside my Google Calendar without any hassle.",Bug Report,UX Feedback,0.4513,335
04ffdec1-46ba-4a7f-85fe-c291f7006ce7,Slow and lagging in very rural areas.,Bug Report,UX Feedback,0.4932,336
65d67c45-85c1-4d7d-b8e4-c1e29fc0bf66,Regularly having widevine L3 downgrades on several devices. As is always the case DRM does nothing but inconvenience paying customers.,Bug Report,UX Feedback,0.5183,337
ff147070-5890-472a-bd1b-2b076901f31b,"Dear Lord, figuring out why sometimes the system cannot save a task, demanding to add context is impossible. Can't easily see the calendar view to understand a task load. Still trying to integrate this thing with Google calendar as it cannot be done easily.",UX Feedback,Bug Report,0.481,338
28e4c2b5-3d59-4d83-bb07-124e1ddeb526,"my church family communicates o. this app. so far do good. no breaches, no unrequested memberships, or even clean up is easy.",Feature Request,Positive Praise,0.4478,339
998fdd44-00bf-4403-9032-650af148225d,"paypal did me dirty, holding my funds for 180days whereas they is no valid reason they are giving . just said account looks suspicious",Bug Report,UX Feedback,0.4849,340
afa8f859-7c94-4750-b022-e8d62003f746,"I used to LOVE Spotify. Used to be 5 stars for me. It just doesn't work right anymore. I was paying for the family plan and it was worth it at the time. Now, it takes a few minutes for ANYTHING to load and a few more minutes to actually start playing a track after hitting the play button. Even got a new phone and thought maybe that would fix it. NOPE. I finally got so sick of paying for a service that won't work, so I went back to the free version. Might delete altogether. Makes me sad!",Bug Report,UX Feedback,0.5545,341
286db629-6931-402c-afb8-23f5a9029674,"I didn't appreciate the visually distracting confetti effect just because I completed a first task setting it up. SEEMS LIKE A CRUEL THING TO PUT IN A NEURO DIVERSE APP! I tried stopping it by going back a page and I was right back to the email verification page, then things froze. I could no longer set the morning task list, it stayed at the 'Off' position. Same trying to set the evening review, however many times I clicked. That's when I uninstalled it, within 5 minutes of downloading. 👎🏻",Bug Report,UX Feedback,0.5558,342
7ec7d275-f6d7-478e-b57b-872f511f00de,"I have had the Calm app for years on iPhone with no issues loved it and used Soo many different ways. I switched to Android and purchased a subscription in play store, have the app signed in with the same info worked for the 2 months, has not connected since, I have logged out and back in , I have deleted the app and reinstalled same error message that I need to log in with my play store account information. reached out to customer service 3xs no response.....very disappointed.",Bug Report,UX Feedback,0.467,343
4be6ab1e-197e-48a0-8c56-8216a7b0b5bf,"What happened to this app???? I have used this app for years. It was simple and effective. I could use it to track foods, calories, protein, water and weight. You could also get a general idea of other vitamin intake, as well. The free version offered enough basics to be useful for an average Joe. After a recent update, you can no longer search for foods by name. I was logged out and had to start a new acct. This has gone from a great app to totally worthless in one update.",UX Feedback,Feature Request,0.4287,344
4f244b77-90f0-4bd2-978f-de3ade609efc,Netflix are kak no subscription but keep on deducted money why,UX Feedback,Bug Report,0.577,345
548fed40-b4eb-4494-bb9e-89219f86d25c,good if you want organised routine,Positive Praise,Feature Request,0.4704,346
2346b4d6-b396-47ff-9ee4-e616cf9a7108,"Constantly stops during stories and meditations. I loved this app to begin with, but the glitches just get more and more frustrating. Might not renew next year... things got better but now it's saying content isn't available.",Bug Report,UX Feedback,0.5675,347
d4fafae0-ceef-4318-b843-393235f0e996,"My account is saying it's supposedly ""permanently deactivated"" after hours on the phone with representatives who hang up on you and don't listen to customers. We had to a representative apply for a debit card against our consent. I had to talk to an account specialist for hours. Now on a Sunday afternoon when we thought we're were verified, we're now being neglected by PayPal customer service and hung up on and stuck on hold. the customer service of PayPal is un professional",Bug Report,UX Feedback,0.484,348
304b0593-f2c6-4d67-96c7-75fe35d06093,just need more old school hip hop,Positive Praise,Feature Request,0.4235,349
5edeec39-119c-46ac-8793-1c92fede7acf,"I do not even know how to describe how bad and unorganised this app is ,but i would advice anyone wanting to download this app on android not to else it will follow with sincere and deep regret. It soo soooooooo bad that it doesn't even start,it just crashes all the time. And it can't even save logins",Bug Report,UX Feedback,0.5292,350
d80a5f03-3e14-4bb8-a13a-d5dbcda8a5a2,Useful to keep in contact at work. Would be useful if I could turn on notifications for 1:1 chats but off for group chats,Positive Praise,Feature Request,0.4603,351
8ea98a77-ee1c-42b1-b6cb-dd0b857392a2,does not work at least for me!,Bug Report,UX Feedback,0.5299,352
fe117fe4-cb83-4e2e-a378-38dd97f1da11,Good app for kcal tracking. Some integrations like samsung watch steps and exercise kcal synchronization not working. In-app support bot is terrible.,Bug Report,UX Feedback,0.4922,353
6abfb0c0-e54a-4b93-b2fc-defdbbe0c133,Great experience with this app. I would like to track my other micronutrients like magnesium along with the other micros you already have on there.,Positive Praise,Feature Request,0.5136,354
34e0f77a-bd9a-483f-8b17-489a18209cc0,"Juices want more control over us so they just introduced phone authentication. I refuse, so today I just closed my account after a few years of using it.",UX Feedback,Bug Report,0.5358,355
3d5c3a28-9174-4d78-9f07-82797b3a907a,"PayPal has surpassed all of my expectations. Simply give them a call if you are scammed. I guarantee that they will support you and return your money. PayPal is without a doubt the best financial app. The customer service is excellent. I appreciate all of your quick assistance, PayPal employees.",Positive Praise,Feature Request,0.5094,356
afae87f0-b6a4-404b-9ee4-201b6e5f27a8,"was really good then program change making it more difficult to use. I will be replacing it. I lost about 30 lbs using app, currently too problematic.",UX Feedback,Bug Report,0.5696,357
49c79162-696d-4081-a2f7-26b50ac44642,"Completely outdated. Real time transfer costs 3€, cannot add my bank account. Everything takes at least 2 days while my bank does it in under 2 seconds.",Bug Report,UX Feedback,0.4797,358
ed2ec289-a28b-43d0-9b0a-18548152a36f,"the app is fast,efficient and the audio is clear. the only thing I would change is the screen that sometimes glitches and add more anime",Bug Report,UX Feedback,0.5064,359
ef9913c8-afca-4e66-a71a-3c9c0141ee48,I've been using this for over 6 years. Unfortunately the state of the app has decayed to a point where I need to find another alternative :(,Bug Report,UX Feedback,0.5332,360
2406829a-180f-4fc7-b69a-1598445d9dd3,"Can't live without this app. Has saved me from missing deadlines countless times. Probably the best app I've ever used. The organization and customization features are logical and the app feels great to use. UX & UI team did their homework and I commend them for it. To be honest, if I could give this app 6 stars, I would. Not to mention all the features you get for free! My favorites are the cross-device sync and the developer API. Anyway, get this app. Your future self will thank you",Positive Praise,Feature Request,0.4932,361
0e1885c4-6d55-4a8e-9a00-9c449796b817,"terrible, no way to check messages. no buttons for messages.",UX Feedback,Bug Report,0.5369,362
f4172c50-1a0b-4f19-99e9-310f9623a519,"It's a pretty good app, however there is a long standing issue that is driving me crazy. When you set your own personal theme from gallery, it doesn't stay. Every single time, it turns grey. And Microsoft has no way to reach them, so I can't get it fixed. I've already done everything to mitigate it.",Bug Report,UX Feedback,0.5399,363
10dc88fc-23c2-49e5-941f-48e714a4618d,can't even try it without subscribing. bogus!,Bug Report,UX Feedback,0.5195,364
86754c3c-9594-45fb-b095-dd13b04e064f,i just uninstall anything that forces me to provide my email id right even before being able to try it.,Bug Report,UX Feedback,0.5059,365
e09e80fa-7729-459f-84b8-d27af8f5999f,"useless app, banned my number and no reasoning given.",Bug Report,UX Feedback,0.5093,366
